name,scenario,users,delay_ms,pool,slots,label,repeats,complete,attempted,http_requests,http_errors,mean_trial_seconds,trial_min_s,trial_max_s,completed_scenarios_per_second,scenario_mean_ms,scenario_p95_ms,queue_mean_ms,queue_p95_ms,execution_mean_ms,run_records,unstarted,healthy_trials,recovery_tasks,db_hold_seconds_per_trial,db_hold_seconds_per_run,worker_hold_seconds_per_run,hold_max_ms,worker_hold_p99_ms,checkout_mean_ms,checkout_p95_ms,checkout_p99_ms,checkout_max_ms,mean_checked_out,peak_checked_out,sql_count_per_run,worker_selects_per_trial,sql_mean_ms,sql_p95_ms,model_count,model_mean_ms,cpu_core_fraction,loop_lag_p95_ms,peak_graph,crud_requests,crud_errors,crud_mean_ms,crud_p95_ms,crud_p99_ms,crud_server_p95_ms,crud_server_mean_ms,crud_outside_server_mean_ms,background_crud_requests,background_crud_errors,background_crud_mean_ms,background_crud_p95_ms,background_crud_p99_ms,background_crud_server_p95_ms,background_crud_server_mean_ms,background_crud_outside_server_mean_ms,run_post_requests,run_post_errors,run_post_mean_ms,run_post_p95_ms,run_post_p99_ms,run_post_server_p95_ms,run_post_server_mean_ms,run_post_outside_server_mean_ms,run_get_requests,run_get_errors,run_get_mean_ms,run_get_p95_ms,run_get_p99_ms,run_get_server_p95_ms,run_get_server_mean_ms,run_get_outside_server_mean_ms,session_create_requests,session_create_errors,session_create_mean_ms,session_create_p95_ms,session_create_p99_ms,session_create_server_p95_ms,session_create_server_mean_ms,session_create_outside_server_mean_ms
crud-1,crud,1,1000,5,4,after,2,2,2,36,0,0.5250994374509901,0.5188184999860823,0.5313803749158978,1.9044012022833952,524.920895928517,531.1797498725355,,,,0,0,2,0,0.1999301475007087,,,17.145250225439668,7.023999933153391,0.10200574696581396,0.2730409614741802,0.2790840808302164,0.2790840808302164,0.35,1,,9.0,1.5242973543839373,4.106875043362379,0,,0.17981927472320489,2.1008330397307846,0,36,0,12.23932288121432,22.38308312371373,25.5947089754045,21.645332919433713,11.255094904400822,0.9842279768134985,0,0,,,,,,,0,0,,,,,,,0,0,,,,,,,0,0,,,,,,
crud-1,crud,1,1000,5,4,before,2,2,2,36,0,0.5964486460434273,0.5387930839788169,0.6541042081080377,1.6765902758494824,596.2231670273468,653.8464589975774,,,,0,0,2,0,0.26530816697049886,,,38.124957820400596,15.369666973128915,0.1369343866428284,0.3972079139202833,1.4025410637259483,1.4025410637259483,0.5416666666666666,2,,9.5,2.0933856046396677,5.553083028644323,0,,0.18512574507874807,2.1964170038700077,0,36,0,16.189214230204623,31.54658293351531,55.72858406230807,30.504917027428746,15.051133018763116,1.1380812114415069,0,0,,,,,,,0,0,,,,,,,0,0,,,,,,,0,0,,,,,,
crud-10,crud,10,1000,5,4,after,2,20,20,360,0,0.8679604369681329,0.8535764580592513,0.8823444158770144,11.52126246091462,825.9185833856463,878.0752089805901,,,,0,0,2,0,2.3826139027951285,,,28.352332999929786,9.151249891147017,7.906155266537868,16.383625101298094,25.578459026291966,28.861917089670897,3.2941176470588234,5,,13.5,2.207531939757683,3.801333950832486,0,,0.505910155921222,1.0877920314669582,0,360,0,29.12920860107988,47.814249992370605,62.60462501086295,46.928999945521355,28.106686586721075,1.0225220143588052,0,0,,,,,,,0,0,,,,,,,0,0,,,,,,,0,0,,,,,,
crud-10,crud,10,1000,5,4,before,2,20,20,360,0,0.886202854453586,0.8609285419806838,0.9114771669264883,11.284098160760031,864.822633296717,910.1020831149071,,,,0,0,2,0,2.4069614827167243,,,19.147041952237487,7.629541913047433,9.071396058753237,16.68858388438821,22.866333834826946,36.32237506099045,3.4,5,,13.5,2.236850827591874,3.8261248264461756,0,,0.4887757896774931,2.0447911694645855,0,360,0,31.28183058191401,48.587832832708955,61.80595816113055,47.29091702029109,30.24881930517343,1.0330112767405808,0,0,,,,,,,0,0,,,,,,,0,0,,,,,,,0,0,,,,,,
crud-100,crud,100,1000,5,4,after,2,200,200,3600,0,6.337950437446125,6.322116292081773,6.353784582810476,15.777971283772766,6093.397127321223,6320.038125151768,,,,0,0,2,0,24.22018573549576,,,80.82779101096094,7.276667049154639,199.66640676548317,289.6614170167595,440.48049999400973,732.6688340399414,4.770161290322581,5,,26.5,2.2552007956052833,3.689124947413802,0,,0.7234595071790472,2.036459092050788,0,3600,0,321.7849428759655,563.1842918228358,663.4332500398159,561.4949171431363,319.9732019160486,1.8117409599168848,0,0,,,,,,,0,0,,,,,,,0,0,,,,,,,0,0,,,,,,
crud-100,crud,100,1000,5,4,before,2,200,200,3600,0,6.558467749506235,6.556062208022922,6.560873290989548,15.247463861894976,6290.152561679715,6537.425999995321,,,,0,0,2,0,25.023139621829614,,,66.01562513969839,8.981582941487432,206.6158289833439,364.27220795303583,467.6322501618415,814.4322498701513,4.782945736434108,5,,25.5,2.3352009381338528,3.9068341720849276,0,,0.7132116339753533,1.842416869476435,0,3600,0,332.72895621530347,592.1163749881089,727.9407908208668,591.4247080218047,330.80946041419844,1.9194958011050605,0,0,,,,,,,0,0,,,,,,,0,0,,,,,,,0,0,,,,,,
crud-30,crud,30,1000,5,4,after,2,60,60,1080,0,2.2051914170151576,2.143195000011474,2.2671878340188414,13.604261185002514,2088.3725375092276,2255.932250060141,,,,0,0,2,0,8.20079099398572,,,49.451832892373204,9.730417048558593,52.20787035639023,104.40970887430012,158.7772499769926,234.74899982102215,4.67816091954023,5,,21.5,2.5320778596978517,4.243625095114112,0,,0.6758302197716907,1.3524580746889088,0,1080,0,99.26416321282483,197.4958749487996,254.66695800423622,196.298916824162,97.84679706639575,1.4173661464290623,0,0,,,,,,,0,0,,,,,,,0,0,,,,,,,0,0,,,,,,
crud-30,crud,30,1000,5,4,before,2,60,60,1080,0,1.8998326245928183,1.8956514161545783,1.9040138330310583,15.790864738113312,1785.60312371701,1898.4377919696271,,,,0,0,2,0,7.036915649543516,,,46.08412506058812,7.986125070601702,42.96180730274846,77.18004216440022,102.9832090716809,133.62345891073346,4.586666666666667,5,,20.5,2.1831895970197555,3.473042044788599,0,,0.6864617878006567,1.2930839322507355,0,1080,0,82.47347882953127,149.0163749549538,185.504708904773,144.79495910927653,81.26541764962624,1.208061179905026,0,0,,,,,,,0,0,,,,,,,0,0,,,,,,,0,0,,,,,,
crud-50,crud,50,1000,5,4,after,2,100,100,1800,0,3.3739842501236126,3.2838321251329035,3.4641363751143217,14.819274867145023,3254.2301058257,3444.9336661491543,,,,0,0,2,0,12.919895813451149,,,55.26599986478686,15.406416961923242,95.98472576812317,169.1302079707384,201.76345808431506,362.01133392751217,4.7518796992481205,5,,22.5,2.4118887060340506,4.025749862194061,0,,0.7077039556164256,1.3319170568138334,0,1800,0,164.02708211422174,294.5179999805987,337.3211659491062,293.41720906086266,162.43770259846417,1.5893795157575772,0,0,,,,,,,0,0,,,,,,,0,0,,,,,,,0,0,,,,,,
crud-50,crud,50,1000,5,4,before,2,100,100,1800,0,3.395066104014404,3.281877791043371,3.5082544169854373,14.727253746511401,3258.5018737684004,3490.3471670113504,,,,0,0,2,0,12.86327957874164,,,58.01591696217656,6.711999885737896,96.12140987376708,153.81004195660353,215.55879106745124,358.2066670060158,4.7611940298507465,5,,23.0,2.3985957673220732,3.9027919992804527,0,,0.7048633006498443,0.8614159189164611,0,1800,0,164.2966871907831,279.12966697476804,344.2826671525836,278.2407079357654,162.78129235323934,1.5153948375437822,0,0,,,,,,,0,0,,,,,,,0,0,,,,,,,0,0,,,,,,
fast-mixed10,initial,10,100,5,4,after,2,20,20,144,0,1.7173582499381155,1.699035415891558,1.735681083984673,5.822896882674507,1049.9949269811623,1697.8370829019696,385.7827,781.23,327.73404999999997,20,0,2,0,2.4897340851603076,0.24897340851603075,0.13648302759975195,48.688790993765,27.430082904174924,3.9505046734666736,24.476999882608652,41.59312485717237,55.02724996767938,1.6911764705882353,5,85.8,287.0,2.3664257895920016,4.10174997523427,40,100.56068637641147,0.37801722501603463,2.078375127166507,4,0,0,,,,,,,69,0,18.828818743265625,52.45099985040724,84.50075006112456,51.35075002908707,17.35574513187875,1.473073611386876,20,0,95.73779158527032,117.24404082633555,118.01833403296769,114.91720797494054,94.43112089065835,1.3066706946119666,35,0,14.441339319039669,33.78991619683802,37.857834016904235,32.04695810563862,13.148670157949839,1.292669161089829,20,0,52.98211467452347,88.52462517097592,95.5445000436157,85.41616704314947,50.11059601092711,2.871518663596362
fast-mixed10,initial,10,100,5,4,before,2,20,20,123,0,1.2409500834764913,1.2181097089778632,1.2637904579751194,8.058341856898261,1010.1035063969903,1259.825832908973,378.12305,748.141,301.1636,20,0,2,0,4.235575445694849,0.4235575445694849,0.3190294273663312,231.95729195140302,225.1474589575082,6.2564312295539715,36.54129197821021,77.88137486204505,87.7354999538511,3.784313725490196,5,78.65,256.0,2.1368095891648466,4.380666883662343,40,100.36632806877606,0.4390692319175157,2.055124891921875,4,0,0,,,,,,,51,0,21.422487756639136,68.69862484745681,120.34625001251698,64.15512482635677,20.015100514808413,1.4073872418307207,20,0,129.49009825242683,159.95970810763538,165.52424989640713,158.7564591318369,127.97844586893916,1.5116523834876716,32,0,16.11433329526335,35.55720904842019,36.787624936550856,34.798125037923455,15.243510439177044,0.8708228560863063,20,0,54.04235417954624,68.4222080744803,79.41012503579259,65.50975004211068,50.763331237249076,3.2790229422971606
flow-1,flow,1,100,5,4,after,2,2,2,133,0,2.8600661458913237,2.8365545419510454,2.883577749831602,0.34964226314715374,2859.926312463358,2883.43729195185,58.729375,111.11200000000001,250.00212499999998,8,0,2,0,1.6026692705927417,0.4006673176481854,0.1846326046215836,75.77966689132154,19.73204198293388,0.19601587608522986,0.6409580819308758,0.9710420854389668,2.9314160346984863,0.9035087719298246,3,157.375,221.0,1.7574659433671531,3.6896669771522284,8,100.77036460279487,0.2868891690420289,2.135500125586984,1,0,0,,,,,,,115,0,17.309430444046207,27.350209187716246,60.979540925472975,25.92858299612999,15.085988801539592,2.223441642506615,8,0,45.77630208223127,97.26587519980967,97.26587519980967,95.54258384741843,43.97664588759653,1.7996561946347356,8,0,12.997010519029573,18.0870839394629,18.0870839394629,16.211583046242595,10.777244780911133,2.21976573811844,2,0,18.812541966326535,19.711375003680587,19.711375003680587,18.504457781091332,17.589353839866817,1.2231881264597178
flow-1,flow,1,100,5,4,before,2,2,2,144,0,3.1032739793881774,2.8620112088974565,3.3445367498788983,0.3222403199465984,3103.0431460822,3344.360792078078,67.09949999999999,91.571,239.865375,8,0,2,0,2.0311703311745077,0.5077925827936269,0.30010277635301463,256.5081249922514,225.72391713038087,0.17131656670990664,0.49529201351106167,1.0169998276978731,1.3782090973109007,1.1290322580645162,3,161.875,217.5,1.6831441839948353,3.4956668969243765,8,101.30533858318813,0.26117658491751794,1.4088331256061766,1,0,0,,,,,,,125,0,15.585136316716671,24.667000165209174,27.515250025317073,22.117625223472714,13.425072936341166,2.1600633803755045,8,0,42.16743749566376,58.61641699448228,58.61641699448228,56.62645795382559,40.40782788069919,1.7596096149645746,9,0,12.926300754770637,16.655165934935212,16.655165934935212,13.642249861732125,10.408601723611355,2.5176990311592817,2,0,18.058749963529408,19.68958298675716,19.68958298675716,18.32212507724762,16.78268751129508,1.2760624522343278
flow-10,flow,10,100,5,4,after,2,20,20,396,0,4.441115104360506,4.412221374921501,4.470008833799511,2.2516867419584568,3863.956968765706,4412.60858415626,187.4509,606.579,275.282375,80,0,2,0,8.973827274749056,0.2243456818687264,0.15506316501705442,51.93870794028044,22.582167061045766,1.648332941401628,11.974833905696869,24.82245792634785,55.85499992594123,2.670391061452514,5,98.5,1746.0,1.8643015230057978,3.1969998963177204,80,100.54063537681941,0.48668261218400255,1.575124962255356,4,0,0,,,,,,,179,0,15.262263272914973,35.35520797595382,57.55166709423065,34.306042129173875,14.03545159404296,1.2268116788720118,80,0,52.704013042966835,85.92066587880254,92.43254107423127,84.6132910810411,51.56401926360559,1.139993779361248,117,0,13.686808013221901,24.903499986976385,36.491042003035545,23.98741594515741,12.562918442930293,1.1238895702916079,20,0,43.52159779518843,75.46749990433455,89.84962501563132,72.3352909553796,40.95369385322556,2.567903941962868
flow-10,flow,10,100,5,4,before,2,20,20,374,0,4.0246062715305015,4.020735583966598,4.028476959094405,2.484715106354277,3772.9643521248363,4025.5291250068694,193.905925,583.082,271.235,80,0,2,0,13.566868542693555,0.3391717135673389,0.27254308910050895,247.7800000924617,232.12379217147827,2.285168429244805,14.306124998256564,30.989082995802164,47.82066703774035,3.7577639751552794,5,95.25,1657.0,1.87168031575872,3.1912080012261868,80,100.38084166590124,0.5190618309118659,1.5930410474538776,4,0,0,,,,,,,162,0,17.11935545950208,40.75474990531802,58.096708031371236,38.78158377483487,15.766890719532967,1.3524647399691152,80,0,58.634133826126345,91.62249998189509,96.78858309052885,90.2902081143111,57.26476305280812,1.3693707733182237,112,0,15.92516848385068,39.4365000538528,46.70500010251999,37.84262505359948,14.617515571964239,1.3076529118864397,20,0,44.699637533631176,64.71945811063051,84.98954214155674,61.655167024582624,41.848091688007116,2.8515458456240594
flow-100,flow,100,100,5,4,after,2,200,200,18562,0,47.29727808351163,46.86978591699153,47.724770250031725,2.1142865731814946,43354.69441399211,47015.97887510434,9800.7973825,15546.187,392.13315375,800,0,2,0,169.8206614141818,0.42455165353545454,0.18058191572898066,163.83404098451138,29.07433407381177,17.4887490784621,56.036250200122595,253.09816701337695,797.9494170285761,4.374664519592056,5,152.76875,17217.5,2.264500460805956,3.653957974165678,800,100.75497457699385,0.729799829898313,1.1192500125616762,4,0,0,,,,,,,1893,0,44.127031708750195,116.4724170230329,516.0269159823656,109.18791708536446,42.16176163878959,1.9652700699606052,800,0,253.18704244797118,825.0110410153866,834.8387081641704,823.949207784608,251.1860395592521,2.0010028887190856,15669,0,26.685788402169454,69.94033395312726,102.12099994532764,65.83795789629221,24.810598728524738,1.875189673644715,200,0,453.18732710788026,579.7593749593943,993.8523750752211,564.5047908183187,431.586577440612,21.600749667268246
flow-100,flow,100,100,5,4,before,2,200,200,20259,0,52.37703254201915,52.23045775014907,52.52360733388923,1.9092337833338615,48412.84069083631,51958.443333161995,11002.6733625,18402.535,435.46155625,800,0,2,0,217.5845884346636,0.543961471086659,0.300660751767864,325.037790928036,235.32741703093052,26.78879236031647,96.83408308774233,239.54966687597334,701.2875839136541,4.844325897187197,5,157.4475,16441.5,2.1622295870065575,3.5181669518351555,800,100.82996740471572,0.6967605404281487,1.0126661974936697,4,0,0,,,,,,,2096,0,56.99998230223707,162.711082957685,408.1451250240207,156.31516696885228,55.146080127629304,1.8539021746077724,800,0,243.4123366168933,730.4072917904705,733.8999591302127,729.4472078792751,241.71430765709374,1.698028959799558,17163,0,40.525029149600606,110.01466703601182,165.57104187086225,106.78524989634752,38.79874538338201,1.7262837662185913,200,0,426.8989123031497,612.0014591142535,871.7218751553446,596.7989577911794,412.3043054470327,14.594606856117025
flow-30,flow,30,100,5,4,after,2,60,60,1788,0,11.12751362437848,11.112691457848996,11.142335790907964,2.696020064560975,10215.913477776727,11088.29233283177,1772.2273625,2967.2999999999997,293.4599166666667,240,0,2,0,31.071536266594194,0.25892946888828494,0.16227024076797533,87.59150002151728,24.497666861861944,6.646747641983845,37.84283297136426,108.377082971856,353.5719171632081,3.4126984126984126,5,104.82083333333334,5142.5,2.033638884660471,3.4292079508304596,240,100.39381759415846,0.6099113628700744,0.9888329543173285,4,0,0,,,,,,,446,0,25.18097512035593,79.88516706973314,201.26158301718533,77.84475013613701,23.808505778689554,1.3724693416663751,240,0,113.66596009853917,308.43225005082786,314.50662505812943,307.0857501588762,111.88721662814108,1.7787434703980882,1042,0,18.307249295487715,46.622582944110036,89.6107500884682,44.532750034704804,16.899185738483382,1.4080635570043307,60,0,151.56962502126893,190.50554186105728,457.2515420150012,184.93312504142523,137.9994458712948,13.570179149974138
flow-30,flow,30,100,5,4,before,2,60,60,1751,0,10.921713937423192,10.643322374904528,11.200105499941856,2.7468216226763795,10001.345238209857,11107.80412517488,1728.7640333333334,2959.27,296.3692,240,0,2,0,43.22979042446241,0.36024825353718676,0.2759136473003309,287.9799581132829,231.07329104095697,8.101980555882355,46.35762493126094,102.76545817032456,203.3189998473972,4.4734411085450345,5,102.24583333333334,4894.0,1.9055827173387203,3.200500039383769,240,100.52368245184577,0.6062781938749682,0.9606669656932326,4,0,0,,,,,,,437,0,26.509035476195695,78.28662497922778,158.56345905922353,75.98062488250434,25.023974725993636,1.4850607502020605,240,0,110.93433784650794,237.16849996708333,246.08620814979076,235.74637505225837,109.35495697388735,1.57938087262058,1014,0,22.082693589423258,54.58687501959503,83.12666695564985,53.43270814046264,20.777617729520628,1.3050758599026286,60,0,126.40604585564385,191.24100008048117,281.21745795942843,182.19425017014146,118.38466449795912,8.021381357684731
flow-50,flow,50,100,5,4,after,2,100,100,4281,0,18.98172027093824,18.82625366700813,19.13718687486835,2.634113203983517,17083.433589588385,18686.050874879584,3422.4129,5546.068,312.6985025,400,0,2,0,58.30604138993658,0.2915302069496829,0.16606184087402653,71.63379085250199,26.805708184838295,8.658011820710575,36.859665997326374,171.84754204936326,384.01629216969013,3.7243675099866844,5,114.6075,8569.0,2.0813338043015372,3.481457941234112,400,100.56768905953504,0.6681611739594507,1.221250090748069,4,0,0,,,,,,,760,0,27.880068550401024,71.83333300054073,266.3490839768201,70.35545818507671,26.40895832599582,1.4711102244052057,400,0,141.15834896161687,420.7731250207871,427.5484581012279,419.685416854918,139.60249138239305,1.5558575792238116,3021,0,19.57393780542437,50.80408416688442,66.92874990403652,46.79229203611612,17.930441884368964,1.6434959210554068,100,0,210.23185495985672,379.8292090650648,441.2172499578446,372.4294579587877,203.0060700746253,7.2257848852314055
flow-50,flow,50,100,5,4,before,2,100,100,4494,0,20.032447583042085,19.318594499956816,20.746300666127354,2.4959506217465965,18248.8373996038,20616.346375085413,3678.2654125,6300.417,324.9134325,400,0,2,0,81.48767321696505,0.40743836608482525,0.28472025437513365,314.73070895299315,231.00637481547892,12.743159928894322,50.79516698606312,184.19116688892245,470.7550420425832,4.654911838790932,5,114.3175,8170.5,2.035937924179385,3.412041813135147,400,100.64548792084679,0.6427545833640308,0.9364579338580342,4,0,0,,,,,,,802,0,35.74943077748181,112.14008298702538,305.99100003018975,106.67695803567767,34.06054732340976,1.6888834540720592,400,0,162.51267714891583,501.29341683350503,510.81541599705815,499.69279184006155,160.82016238593496,1.6925147629808635,3192,0,24.184172855016723,60.8002080116421,95.01266712322831,57.717249961569905,22.550546036718675,1.6336268182980471,100,0,254.2373341927305,451.8802079837769,527.1602910943329,420.0948749203235,229.83654754934832,24.400786643382162
mixed-1,initial,1,1000,5,4,after,2,2,2,120,0,2.6335399170638993,2.6212476671207696,2.645832167007029,0.3797170468237624,2633.392750052735,2645.6982500385493,39.926500000000004,43.672000000000004,2103.8509999999997,2,0,2,0,1.00850254308898,1.00850254308898,0.30517212813720107,28.028415981680155,15.459417132660747,0.21453266379414457,0.5681249313056469,1.576666021719575,2.933416049927473,0.7115384615384616,3,345.0,79.0,1.958923548311535,3.911375068128109,4,1000.1981247332878,0.23483695690077294,2.0718330517411205,1,0,0,,,,,,,106,0,17.20272017563781,27.15879213064909,29.60262494161725,23.40458403341472,14.672777558378172,2.5299426172596386,2,0,39.156624930910766,46.037665801122785,46.037665801122785,44.811208033934236,38.0460835294798,1.1105414014309645,10,0,13.34216259419918,16.42191712744534,16.42191712744534,14.125957852229476,10.783620760776103,2.558541833423078,2,0,21.997291478328407,22.877875017002225,22.877875017002225,21.784542128443718,20.81258362159133,1.1847078567370772
mixed-1,initial,1,1000,5,4,before,2,2,2,120,0,2.6283595204586163,2.6107113750185817,2.646007665898651,0.3804654546747518,2628.239770536311,2645.8726660348475,68.117,95.736,2094.7965,2,0,2,0,2.870130022871308,2.870130022871308,2.2894073590869084,2027.9880410525948,2027.116792043671,0.13547168167021412,0.3557910677045584,0.6094579584896564,0.8581250440329313,1.2596153846153846,3,345.0,79.0,1.7354195573083733,3.6038749385625124,4,1000.5780212813988,0.1729257342696761,2.101500099524853,1,0,0,,,,,,,106,0,14.00974450659288,23.82254204712808,27.49337488785386,20.98499983549118,12.130221980184597,1.879522526408282,2,0,45.65889551304281,60.04804093390703,60.04804093390703,58.686207979917526,44.507812010124326,1.1510835029184818,10,0,10.972050204873085,17.514459090307355,17.514459090307355,15.072125010192394,9.440050111152232,1.5320000937208533,2,0,21.498624933883548,22.22429192624986,22.22429192624986,20.999333122745156,20.247812499292195,1.250812434591353
mixed-10,initial,10,1000,5,4,after,2,20,20,479,0,6.860624562366866,6.839448999846354,6.881800124887377,1.4575932422907678,4380.417022889014,6880.43841579929,1831.5976,4438.573,2130.70235,20,0,2,0,4.369808890041895,0.4369808890041895,0.16122370368102565,54.10483409650624,23.46129110082984,2.0409351748036686,14.15012520737946,38.438625168055296,51.95666686631739,1.0330882352941178,5,156.0,383.5,2.155186368140559,4.039667081087828,40,1000.3953415900469,0.23868475604720535,2.137291990220544,4,0,0,,,,,,,275,0,16.01970640180463,27.39183302037418,59.89150004461408,25.710167130455375,14.199893317947334,1.819813083857298,20,0,100.09319990640506,118.4049160219729,123.51408298127353,117.11629200726748,98.55908534955233,1.5341145568527281,164,0,15.116354139669367,21.52262511663139,24.59675003774464,18.620374845340848,13.195220789894826,1.9211333497745418,20,0,49.97334785293788,66.93312502466142,99.04091618955135,64.02829196304083,46.946356317494065,3.0269915354438126
mixed-10,initial,10,1000,5,4,before,2,20,20,482,0,6.930534979561344,6.882420584093779,6.978649375028908,1.442890055311853,4404.481462470721,6975.350791122764,1813.84285,4356.463,2119.6393,20,0,2,0,24.24743360723369,2.424743360723369,2.1664087876211853,2042.5416249781847,2030.756084015593,3.9434433438494985,22.793374955654144,40.691833943128586,66.00091606378555,3.7846715328467155,5,154.45,362.5,1.9772379002909217,3.6790829617530107,40,1000.3011864610016,0.24862828123393474,2.1170841529965374,4,0,0,,,,,,,278,0,18.479636520241126,38.840957917273045,68.6388339381665,35.70904186926782,16.439469253121736,2.0401672671193913,20,0,87.52791242441162,103.06608397513628,105.19329202361405,102.24499995820224,86.22142085805535,1.3064915663562715,164,0,19.054284543594026,38.271334022283554,65.34462491981685,37.22637495957315,17.51364733478645,1.5406372088075775,20,0,54.52729169046506,110.40470818988979,117.45737516321242,107.59791708551347,51.75820408621803,2.7690876042470336
mixed-100,initial,100,1000,5,4,after,2,200,200,13504,0,54.97603670845274,54.7212697500363,55.23080366686918,1.818974338407059,29410.855298498645,53157.91808394715,26202.02915,49441.049,2109.059935,200,0,2,0,74.25190682394896,0.7425190682394895,0.11029075365862809,74.12141701206565,20.608457969501615,15.552925346452742,47.73483402095735,380.10079110972583,716.2895840592682,1.900921658986175,5,279.375,3380.5,2.093978611752391,3.6607920192182064,400,1000.4816358693643,0.3612520325050356,2.0517500117421124,4,0,0,,,,,,,2200,0,26.12120175078003,45.66929186694324,465.62029188498855,42.8207500372082,24.33940542406741,1.7817963267126204,200,0,706.1960202339105,759.5437499694526,897.5827088579535,757.5108339078724,704.9528291565366,1.2431910773739219,10904,0,16.8189666272947,39.26258394494653,64.92920918390155,31.380082946270704,14.852299621773362,1.9666670055213362,200,0,504.2483126872685,794.7649580892175,1018.6715419404209,773.0918750166893,485.5073419038672,18.74097078340128
mixed-100,initial,100,1000,5,4,before,2,200,200,13325,0,56.088807729422115,55.66741962498054,56.51019583386369,1.782886890418669,30231.742584775202,53960.62824991532,26997.11634,50540.727,2143.849255,200,0,2,0,253.52739090530667,2.5352739090530667,2.131206174416002,2065.395458135754,2026.3478751294315,39.70632491200089,209.3320421408862,394.2040838301182,856.0677920468152,4.779874213836478,5,274.2,3109.5,1.4463778661404696,2.7974159456789494,400,1000.4669376433594,0.3602380638481825,1.4629578683525297,4,0,0,,,,,,,2245,0,55.69520273343359,248.44291689805686,522.6440408732742,247.0694580115378,54.080784291170026,1.6144184422635688,200,0,722.8535885282326,784.4498751219362,914.2904579639435,783.096166793257,721.5363693842664,1.3172191439662129,10680,0,43.43286856742095,157.99620910547674,273.8750409334898,157.2245000861585,42.245525274315,1.1873432931059462,200,0,468.1784558680374,736.4891672041267,1020.7754170987755,720.8994580432773,453.306062289048,14.872393578989431
mixed-30,initial,30,1000,5,4,after,2,60,60,1955,0,18.09103549993597,18.072337416931987,18.109733582939953,1.6582798701658719,9995.830106929256,18069.107874995098,7320.06275,15216.894999999999,2132.2586333333334,60,0,2,0,15.267246877891012,0.5089082292630337,0.14131784221778312,80.39933396503329,22.386834025382996,7.459142917769135,58.52983403019607,143.01758306100965,318.7294590752572,1.2394957983193278,5,177.31666666666666,1064.0,2.223023293697101,3.9631249383091927,120,1001.2777802476194,0.28824450098605225,2.1499579772353146,4,0,0,,,,,,,725,0,20.59140224716273,36.93100018426776,154.41208286210895,34.564957953989506,18.198607893467976,2.392794353694751,60,0,259.05692214922357,293.75516599975526,332.3085829615593,292.7007081452757,257.67848745842156,1.3784346908020477,1110,0,18.010461345726103,47.14566585607827,79.63933399878442,27.503125136718154,15.428527575909152,2.581933769816952,60,0,142.9371069651097,245.90374995023012,380.43162506073713,241.0620409063995,137.50049308485663,5.436613880253087
mixed-30,initial,30,1000,5,4,before,2,60,60,1909,0,17.560083874850534,17.509334832895547,17.61083291680552,1.708420085792748,9767.296445090324,17506.24412484467,7216.8622,14880.17,2110.0767,60,0,2,0,71.67885714524891,2.389295238174964,2.134505645224514,2063.5675420053303,2027.7944579720497,11.139778390027013,63.825707882642746,134.23533318564296,182.4116250500083,4.362984218077475,5,171.83333333333334,978.5,1.631501081980454,2.9906248673796654,120,1000.4128444610009,0.27895265392299806,2.109833806753156,4,0,0,,,,,,,704,0,22.08035391959129,53.745541954413056,147.5629589986056,48.25141606852412,19.93017702691511,2.150176892676179,60,0,238.77275636574873,258.1707499921322,259.329125052318,256.7093330435455,237.60066178704923,1.1720945786995192,1085,0,19.679212374483935,61.03454111143947,109.91495894268155,57.689499808475375,18.373710622641898,1.3055017518420373,60,0,120.39125691711281,149.3131669703871,278.38766598142684,143.68191710673273,115.3676007137013,5.0236562034115195
mixed-50,initial,50,1000,5,4,after,2,100,100,4217,0,28.729045603889972,28.695492499973625,28.76259870780632,1.7403989220313638,15506.287488369271,26681.410000193864,12757.3447,23936.659,2117.00978,100,0,2,0,28.519977081101388,0.5703995416220278,0.12541207342641428,70.5217921640724,21.98325004428625,11.027363607278089,87.74045784957707,223.35308301262558,422.27912484668195,1.3971756398940864,5,204.65,1732.0,2.1833343726018297,3.9274999871850014,200,1000.4748722666409,0.3002320758901962,2.122707944363353,4,0,0,,,,,,,1150,0,21.696114494343814,41.90929210744798,261.5591660141945,39.73616613075137,19.740290181387376,1.9558243129564368,100,0,406.94342501694337,454.5945830177516,510.8983749523759,453.94699997268617,405.65857000416145,1.284855012781918,2867,0,18.734855840634264,50.872000167146325,66.38354202732444,34.531000070273876,16.396429409368146,2.338426431266115,100,0,212.35234079649672,262.4781250488013,466.88549988903105,253.5863749217242,203.68640798376873,8.665932812727988
mixed-50,initial,50,1000,5,4,before,2,100,100,4194,0,28.92415291699581,28.87023662496358,28.978069209028035,1.7286590948224465,15481.981164631434,26897.353667067364,12733.68821,23912.974,2115.4572,100,0,2,0,122.00734744139481,2.440146948827896,2.1344218363333494,2059.3622501473874,2027.2838750388473,18.132958701000337,116.37624981813133,219.4207909051329,470.8531249780208,4.489956331877729,5,201.56,1608.0,1.5840877730866603,3.0292500741779804,200,1000.5721243703738,0.3027867756449971,2.0539998542517397,4,0,0,,,,,,,1158,0,28.985434909880368,89.69408390112221,302.26029199548066,88.74087501317263,27.122928751093724,1.862506158786644,100,0,384.3034750362858,428.2366670668125,433.582334080711,427.16370918788016,383.1826142524369,1.1208607838489115,2836,0,23.88104702407108,84.30949994362891,196.29729189909995,79.014582792297,22.42590409560045,1.45514292847063,100,0,225.71056711720303,341.3034579716623,477.16958401724696,332.33329211361706,217.29782750597224,8.41273961123079
roomy-mixed100,initial,100,1000,10,4,after,2,200,200,13442,0,54.93182049994357,54.42188591696322,55.44175508292392,1.8204384833760012,29147.564370816108,53336.411042138934,26097.88239,49810.31,2114.65859,200,0,2,0,94.87270585261285,0.9487270585261285,0.11743504414451308,73.71399994008243,22.71791687235236,10.817687306876671,37.13745903223753,276.2339999899268,545.46616692096,2.2797591477535897,10,278.625,3399.5,2.7168753705818514,4.977166885510087,400,1000.7397841848433,0.3533931303081415,2.082333015277979,4,0,0,,,,,,,2198,0,22.106894613324144,40.723416954278946,301.1718748603016,35.991083132103086,20.05156548503105,2.055329128293095,200,0,520.6003685866017,617.1997091732919,725.9948330465704,613.9464578591287,518.7551785830874,1.8451900035142899,10844,0,19.919470390525643,48.30433405004442,77.66833296045661,35.35029082559049,17.341862891513678,2.5776074990119655,200,0,407.1971844229847,725.2643331885338,815.9396660048515,706.8262919783592,385.5869466695003,21.610237753484398
roomy-mixed100,initial,100,1000,10,4,before,2,200,200,13428,0,54.832909187534824,54.693509000120685,54.97230937494896,1.8237223135104605,29188.69947393192,52872.36350006424,26023.062125,49203.92,2107.64237,200,0,2,0,287.0415407915134,2.870415407915134,2.133095731540816,2061.9448330253363,2030.101167038083,13.307453802654216,49.82720804400742,286.4341251552105,828.200374962762,5.6971667440780305,10,276.09,3170.0,2.433034983446247,4.339166916906834,400,1000.5456807115115,0.3629658501600063,2.082333015277979,4,0,0,,,,,,,2194,0,24.687845610424286,50.57687498629093,315.07104099728167,47.12062515318394,22.56214928472841,2.1256963256958774,200,0,540.9921460459009,713.3210001047701,769.4771669339389,711.6692920681089,539.1838635574095,1.8082824884913862,10834,0,19.216938491167806,55.09583395905793,82.9352920409292,43.62445790320635,16.859179910238662,2.3577585809291417,200,0,495.9482366591692,876.5505000483245,1130.4807919077575,846.3037498295307,468.393141470151,27.555095189018175
single-slot10,initial,10,1000,5,1,after,2,20,20,1356,0,21.37433641636744,21.365577457938343,21.38309537479654,0.4678507816664886,12040.768985217437,21364.622958004475,9559.4156,18963.919,2088.8214,20,0,2,0,8.406647444120608,0.8406647444120608,0.10484080823371186,62.23737495020032,18.284125020727515,1.2719000489169274,8.377084042876959,21.37495786882937,65.7378330361098,0.708185053380783,5,312.35,341.5,1.9186480583619177,3.688042052090168,40,1000.7517896476202,0.20007402413322642,2.184625063091514,1,0,0,,,,,,,856,0,16.856116241346783,27.3132910951972,36.91533301025629,24.237124947831035,14.422448433578781,2.4336678077680034,20,0,79.76467908592895,95.44287505559623,95.97554104402661,94.4036659784615,78.48257310688496,1.2821059790439904,460,0,17.08719057800329,24.731958052143455,31.66350000537932,21.62620797753334,14.527709574094446,2.5594810039088456,20,0,47.333579207770526,91.88516694121063,105.83179094828665,88.8352079782635,44.69273757422343,2.6408416335470974
single-slot10,initial,10,1000,5,1,before,2,20,20,1357,0,21.403860063059255,21.3724632919766,21.43525683414191,0.4672054466128246,12068.189754150808,21371.696458896622,9589.61725,18933.442,2087.7064,20,0,2,0,28.64923049719073,2.864923049719073,2.1250622249441222,2043.6398750171065,2031.8290831055492,1.6217631311072254,9.913499932736158,24.86833301372826,50.13654101639986,1.6824644549763033,5,310.55,321.0,1.9446048590037783,3.605916863307357,40,1000.886961480137,0.201779818559639,2.150125149637458,1,0,0,,,,,,,857,0,17.232653201321877,27.55862521007657,44.84858294017613,24.60870798677206,14.901774772144028,2.3308784291778486,20,0,81.67224993230775,96.61287488415837,97.28370793163776,95.41245899163187,80.3453502128832,1.3268997194245458,460,0,18.03965660004431,25.847458047792315,31.53258399106562,22.895708912983537,15.615133374281552,2.42452322576276,20,0,47.8049251367338,84.00016697123647,84.7190001513809,80.92695800587535,44.806377007626,2.998548129107803
slow-mixed10,initial,10,5000,5,4,after,2,20,20,1985,0,30.84118008299265,30.826820000074804,30.855540165910497,0.3242418082930132,18628.09105628403,30854.41816598177,8222.40365,20385.368,10125.524150000001,20,0,2,0,14.685963908326812,1.4685963908326811,0.32805147022008896,58.88425000011921,21.35287504643202,1.4719984818645482,8.34987498819828,23.575708037242293,59.098416939377785,0.771004942339374,5,473.9,823.5,2.263739479894943,4.265416879206896,40,5000.866643735208,0.21594267735794628,2.179750055074689,4,0,0,,,,,,,1235,0,17.552123910668286,29.15604109875858,46.04083392769098,25.968292029574513,15.198657596257595,2.3534663144106927,20,0,86.41128755407408,101.49249993264675,103.88554190285504,100.34541715867817,85.3062771144323,1.1050104396417737,710,0,19.23399495852875,29.981167055666447,68.60570912249386,26.695708045735955,16.290710199112727,2.943284759416022,20,0,65.86747919209301,95.52350011654198,124.9052919447422,92.526291962713,62.927706306800246,2.9397728852927685
slow-mixed10,initial,10,5000,5,4,before,2,20,20,2007,0,31.176451916689985,31.103374000173062,31.249529833206907,0.3207549090808055,18747.76941657765,31102.60320804082,8270.55925,20477.965,10130.47075,20,0,2,0,112.63074761559255,11.263074761559256,10.325458165444434,10063.169416040182,10027.213375084102,2.969943415389629,15.424417098984122,36.10870894044638,106.34074988774955,3.897727272727273,5,476.85,813.0,1.82747737129259,3.5702090244740248,40,5000.440253067063,0.21812730705123823,2.1178750786930296,4,0,0,,,,,,,1248,0,18.071832159013212,33.956291154026985,57.89858382195234,30.742874834686518,15.622217920444642,2.4496142385685697,20,0,131.45842908415943,177.89958394132555,185.79770880751312,176.12916696816683,129.9302667262964,1.5281623578630388,719,0,15.734051247690811,32.974000088870525,48.99391601793468,31.77083400078118,14.206444979962662,1.52760626772815,20,0,49.2855062475428,62.18266603536904,63.747167121618986,58.834625175222754,46.61596248624846,2.669543761294335
tight-slow10,initial,10,5000,4,4,after,2,20,20,1999,0,31.034477062523365,30.8363849169109,31.23256920813583,0.3222222813631942,18780.933847802226,31231.559790903702,8274.5241,20687.208,10178.2283,20,0,2,0,14.526843825238757,1.4526843825238758,0.3603862870950252,105.25887506082654,27.303917100653052,1.9295683695469854,11.306958040222526,35.98774992860854,68.83808295242488,0.8045789043336059,4,477.05,830.0,2.2150800178947487,4.174583125859499,40,5000.897517707199,0.21591781574086427,2.1546660456806395,4,0,0,,,,,,,1242,0,17.88581852597183,30.201666988432407,51.5949591062963,26.189292082563043,15.339919821668158,2.5458987043036716,20,0,105.13131463667378,115.43387500569224,115.51891709677875,114.46745903231204,104.03741265181452,1.093901984859258,717,0,18.398778095797244,29.202874982729554,62.81137512996793,25.26204101741314,15.939465594364945,2.459312501432299,20,0,54.962495842482895,68.48579202778637,110.84599979221821,65.19570900127292,52.352987590711564,2.609508251771331
tight-slow10,initial,10,5000,4,4,before,2,0,20,3483,1,45.00425266707316,45.00346283405088,45.00504250009544,0.0,,,122.12625,162.64100000000002,,20,12,0,8,28.607742090709507,2.860774209070951,1.0467396500636823,2857.257624855265,2857.257624855265,41.65991362242817,65.15612499788404,1693.6180829070508,2020.3029580879956,0.9355932203389831,4,636.1,70.0,2.107700903728959,4.041207954287529,8,2537.4163593514822,0.1805564478564301,2.1965408697724316,4,0,0,,,,,,,1802,1,83.64108459972805,329.5153328217566,1854.1999999433756,327.214292017743,80.76558342611501,2.87550117361304,20,0,103.97289578104392,116.36716593056917,136.52604212984443,115.20241689868271,102.83776030410081,1.1351354769431055,1641,0,41.187404662298036,35.83025000989437,1701.8043340649456,31.15233313292265,38.69689002478158,2.490514637516456,20,0,53.32301869057119,94.93874991312623,95.61758302152157,92.25158393383026,50.874541874509305,2.448476816061884
